{
  "ViewEnvironmentSelect": {
    "tab_1": [
      0.1657825,
      0.48923065335000004
    ],
    "uid_input": [
      0.5093333125,
      0.3895385201
    ],
    "test_btn": [
      0.5,
      0.09353866
    ]
  },
  "ViewMain": {
    "task_bar": [
      0.41866662,
      0.852923063
    ]
  }
}