{"ViewEnvironmentSelect": {"tab_2": [0.4991158, 0.48923065335000004], "new_btn": [0.49999997150000003, 0.39015382764999995], "test_btn": [], "tab_1": [0.1657825, 0.48923065335000004], "uid_input": [0.5093333125, 0.3895385201]}, "ViewGuide": {"operate_button": [], "btn_focus": [0.4986665, 0.466082722]}, "ViewMain": {"task_bar": [0.41866662, 0.852923063], "eff_free": [], "eff_ing": []}, "SceneMainCity": {"task_bar": [0.41866662, 0.852923063]}, "ViewCivicCenterUpgradePop": {"collect_btn": []}, "ViewLordLevelUpPop": {"ok_btn": []}, "ViewItemSpeedUp": {"btn_buy": []}}